{"pages":["Sansation-Regular.png"],"chars":[{"id":67,"index":38,"char":"C","width":28,"height":34,"xoffset":0,"yoffset":10,"xadvance":28,"chnl":15,"x":0,"y":0,"page":0},{"id":71,"index":42,"char":"G","width":28,"height":34,"xoffset":0,"yoffset":10,"xadvance":28,"chnl":15,"x":0,"y":35,"page":0},{"id":65,"index":36,"char":"A","width":33,"height":33,"xoffset":-1,"yoffset":11,"xadvance":30,"chnl":15,"x":0,"y":70,"page":0},{"id":66,"index":37,"char":"B","width":25,"height":33,"xoffset":1,"yoffset":11,"xadvance":27,"chnl":15,"x":29,"y":0,"page":0},{"id":68,"index":39,"char":"D","width":29,"height":33,"xoffset":1,"yoffset":11,"xadvance":31,"chnl":15,"x":29,"y":34,"page":0},{"id":70,"index":41,"char":"F","width":23,"height":33,"xoffset":1,"yoffset":11,"xadvance":24,"chnl":15,"x":55,"y":0,"page":0},{"id":72,"index":43,"char":"H","width":29,"height":33,"xoffset":1,"yoffset":11,"xadvance":32,"chnl":15,"x":0,"y":104,"page":0},{"id":74,"index":45,"char":"J","width":14,"height":33,"xoffset":-1,"yoffset":11,"xadvance":14,"chnl":15,"x":0,"y":138,"page":0},{"id":75,"index":46,"char":"K","width":29,"height":33,"xoffset":1,"yoffset":11,"xadvance":29,"chnl":15,"x":0,"y":172,"page":0},{"id":76,"index":47,"char":"L","width":23,"height":33,"xoffset":1,"yoffset":11,"xadvance":24,"chnl":15,"x":15,"y":138,"page":0}],"info":{"face":"Sansation-Regular","size":42,"bold":0,"italic":0,"charset":["A","B","C","D","F","G","H","J","K","L"],"unicode":1,"stretchH":100,"smooth":1,"aa":1,"padding":[2,2,2,2],"spacing":[0,0]},"common":{"lineHeight":47,"base":40,"scaleW":256,"scaleH":256,"pages":1,"packed":0,"alphaChnl":0,"redChnl":0,"greenChnl":0,"blueChnl":0},"distanceField":{"fieldType":"msdf","distanceRange":4},"kernings":[]}